date,air-density_land-wtd,air-density_pop-wtd,cloud-cover_land-wtd,cloud-cover_pop-wtd,humidity_land-wtd,humidity_pop-wtd,irradiance-surface_land-wtd,irradiance-surface_pop-wtd,irradiance-toa_land-wtd,irradiance-toa_pop-wtd,precipitation_land-wtd,precipitation_pop-wtd,temperature_land-wtd,temperature_pop-wtd,wind-speed_land-wtd,wind-speed_pop-wtd
1/1/1980 0:00,1.157,1.168,0.132,0.161,0.012,0.013,141.871,146.612,251.718,262.387,0.001,0.001,19.907,21.945,1.15,1.321
1/1/1980 1:00,1.152,1.161,0.125,0.155,0.012,0.013,365.014,370.208,543.718,555.754,0.001,0.001,22.823,24.993,1.101,1.184
1/1/1980 2:00,1.14,1.151,0.123,0.151,0.011,0.012,570.543,576.128,788.893,802.046,0.001,0.001,26.521,28.589,0.899,0.883
1/1/1980 3:00,1.131,1.143,0.126,0.146,0.011,0.011,728.058,734.003,970.563,984.538,0.002,0.002,29.326,31.049,1.023,0.989
1/1/1980 4:00,1.126,1.138,0.155,0.189,0.011,0.011,820.346,827.084,1076.319,1090.777,0.002,0.002,30.832,32.505,1.101,1.087
1/1/1980 5:00,1.122,1.134,0.195,0.312,0.011,0.011,839.868,847.394,1098.931,1113.444,0.002,0.002,31.723,33.396,1.144,1.251
1/1/1980 6:00,1.118,1.13,0.214,0.364,0.01,0.011,783.73,792.038,1036.911,1051.032,0.002,0.002,32.163,33.824,1.177,1.448
1/1/1980 7:00,1.116,1.128,0.191,0.269,0.01,0.011,658.082,667.132,894.452,907.848,0.001,0.001,32.155,33.81,1.194,1.613
1/1/1980 8:00,1.115,1.127,0.168,0.184,0.01,0.011,475.572,484.803,681.26,693.635,0.001,0.001,31.661,33.321,1.193,1.717
1/1/1980 9:00,1.116,1.128,0.158,0.152,0.011,0.011,254.486,258.921,411.853,422.902,0,0,30.583,32.264,1.099,1.703
1/1/1980 10:00,1.119,1.131,0.168,0.168,0.012,0.012,53.703,56.26,113.826,121.11,0,0,28.102,29.889,0.829,1.441
1/1/1980 11:00,1.123,1.136,0.162,0.166,0.011,0.012,0.095,0.095,0.376,0.384,0,0,26.21,27.806,0.912,1.649
1/1/1980 12:00,1.127,1.141,0.156,0.157,0.011,0.012,0,0,0,0,0,0,25.13,26.732,0.973,1.835
1/1/1980 13:00,1.131,1.145,0.147,0.151,0.011,0.013,0,0,0,0,0,0,24.234,25.836,1.015,1.873
1/1/1980 14:00,1.135,1.148,0.137,0.142,0.011,0.013,0,0,0,0,0,0,23.435,25.067,1.032,1.843
1/1/1980 15:00,1.138,1.151,0.135,0.151,0.011,0.013,0,0,0,0,0,0,22.72,24.388,1.013,1.771
1/1/1980 16:00,1.141,1.154,0.147,0.179,0.011,0.013,0,0,0,0,0,0,22.041,23.753,0.99,1.701
1/1/1980 17:00,1.143,1.156,0.172,0.219,0.012,0.014,0,0,0,0,0,0.001,21.369,23.138,0.983,1.633
1/1/1980 18:00,1.145,1.157,0.21,0.281,0.012,0.014,0,0,0,0,0,0.001,20.731,22.549,0.984,1.567
1/1/1980 19:00,1.147,1.159,0.224,0.346,0.012,0.014,0,0,0,0,0,0.001,20.145,22.011,0.981,1.488
1/1/1980 20:00,1.149,1.16,0.212,0.389,0.012,0.014,0,0,0,0,0.001,0.001,19.625,21.534,0.957,1.381
1/1/1980 21:00,1.151,1.162,0.164,0.352,0.012,0.014,0,0,0,0,0,0,19.183,21.113,0.903,1.214
1/1/1980 22:00,1.152,1.163,0.108,0.217,0.012,0.014,0,0,0,0,0,0,18.831,20.786,0.862,1.069
1/1/1980 23:00,1.154,1.165,0.084,0.105,0.012,0.014,6.592,6.828,18.094,19.554,0,0,18.595,20.64,0.839,0.975
1/2/1980 0:00,1.155,1.166,0.085,0.104,0.012,0.014,140.442,143.131,252.396,263.033,0,0,20.264,22.412,1.123,1.242
1/2/1980 1:00,1.151,1.16,0.081,0.098,0.012,0.013,363.039,364.669,544.562,556.588,0,0,23.175,25.297,1.074,1.095
1/2/1980 2:00,1.14,1.151,0.102,0.098,0.012,0.013,569.967,571.648,789.898,803.034,0.001,0.001,26.753,28.603,0.862,0.892
1/2/1980 3:00,1.131,1.144,0.16,0.177,0.011,0.012,726.905,728.518,971.678,985.633,0.001,0.001,29.561,31.075,0.925,1.08
1/2/1980 4:00,1.126,1.139,0.23,0.284,0.011,0.012,818.433,815.781,1077.507,1091.894,0.002,0.002,31.135,32.505,0.977,1.202
1/2/1980 5:00,1.121,1.134,0.266,0.312,0.011,0.011,837.269,838.417,1100.155,1114.583,0.002,0.002,32.046,33.387,0.996,1.3
1/2/1980 6:00,1.118,1.131,0.329,0.302,0.011,0.011,782.795,784.393,1038.083,1052.207,0.002,0.002,32.497,33.834,1.016,1.44
1/2/1980 7:00,1.115,1.128,0.405,0.336,0.01,0.011,659.045,660.865,895.536,908.923,0.002,0.002,32.503,33.828,1.067,1.638
1/2/1980 8:00,1.115,1.128,0.465,0.462,0.01,0.011,475.946,467.625,682.21,694.52,0.002,0.002,32.03,33.309,1.132,1.838
1/2/1980 9:00,1.115,1.129,0.498,0.542,0.011,0.011,255.547,251.496,412.643,423.665,0.001,0.001,30.973,32.27,1.071,1.886
1/2/1980 10:00,1.118,1.131,0.52,0.559,0.012,0.012,54.444,54.599,114.334,121.614,0,0,28.571,30.089,0.823,1.633
1/2/1980 11:00,1.122,1.136,0.521,0.522,0.011,0.012,0.096,0.096,0.382,0.389,0,0,26.731,28.192,0.9,1.752
1/2/1980 12:00,1.126,1.141,0.497,0.463,0.011,0.013,0,0,0,0,0,0,25.624,27.092,0.97,1.92
1/2/1980 13:00,1.131,1.145,0.465,0.401,0.011,0.013,0,0,0,0,0,0,24.673,26.131,1.013,1.929
1/2/1980 14:00,1.134,1.149,0.417,0.337,0.011,0.013,0,0,0,0,0,0.001,23.778,25.263,1.041,1.848
1/2/1980 15:00,1.137,1.152,0.389,0.299,0.011,0.013,0,0,0,0,0,0,22.948,24.499,1.05,1.73
1/2/1980 16:00,1.14,1.154,0.412,0.299,0.011,0.014,0,0,0,0,0,0,22.212,23.835,1.027,1.59
1/2/1980 17:00,1.142,1.155,0.44,0.331,0.011,0.014,0,0,0,0,0,0,21.572,23.234,0.992,1.441
1/2/1980 18:00,1.144,1.157,0.425,0.332,0.011,0.014,0,0,0,0,0,0,20.973,22.661,0.957,1.312
1/2/1980 19:00,1.146,1.158,0.364,0.291,0.011,0.014,0,0,0,0,0,0,20.427,22.135,0.924,1.195
1/2/1980 20:00,1.147,1.159,0.237,0.186,0.011,0.014,0,0,0,0,0,0,19.939,21.67,0.896,1.091
1/2/1980 21:00,1.149,1.161,0.158,0.125,0.011,0.014,0,0,0,0,0,0,19.487,21.265,0.875,1.022
1/2/1980 22:00,1.151,1.163,0.194,0.142,0.011,0.014,0,0,0,0,0,0,19.056,20.925,0.862,0.975
1/2/1980 23:00,1.153,1.165,0.267,0.189,0.011,0.014,6.751,7.086,18.266,19.737,0,0,18.756,20.725,0.856,0.932
1/3/1980 0:00,1.155,1.165,0.292,0.211,0.012,0.014,142.365,147.442,253.134,263.759,0,0,20.346,22.418,1.15,1.202
1/3/1980 1:00,1.15,1.16,0.248,0.19,0.012,0.013,365.214,370.943,545.496,557.49,0,0,23.28,25.44,1.139,1.06
1/3/1980 2:00,1.139,1.15,0.202,0.164,0.011,0.012,570.013,575.557,790.989,804.088,0,0,26.971,28.877,1.047,1.164
1/3/1980 3:00,1.13,1.142,0.163,0.147,0.01,0.011,725.314,731.211,972.876,986.791,0,0,29.789,31.283,1.074,1.319
1/3/1980 4:00,1.125,1.137,0.139,0.14,0.01,0.011,815.713,821.884,1078.766,1093.147,0,0,31.314,32.747,1.088,1.404
1/3/1980 5:00,1.121,1.133,0.13,0.139,0.01,0.011,833.192,838.852,1101.435,1115.854,0,0,32.211,33.666,1.057,1.397
1/3/1980 6:00,1.118,1.13,0.129,0.144,0.01,0.01,775.606,780.767,1039.339,1053.387,0,0,32.638,34.123,1.008,1.362
1/3/1980 7:00,1.115,1.127,0.133,0.147,0.01,0.01,650.108,654.778,896.708,910.07,0.001,0,32.618,34.139,0.987,1.362
1/3/1980 8:00,1.115,1.127,0.139,0.151,0.01,0.01,467.785,473.735,683.242,695.521,0.001,0.001,32.134,33.691,0.988,1.397
1/3/1980 9:00,1.115,1.127,0.136,0.149,0.01,0.01,253.003,258.714,413.516,424.517,0,0,31.08,32.695,0.922,1.338
1/3/1980 10:00,1.118,1.13,0.135,0.17,0.011,0.011,52.584,55.832,114.888,122.161,0,0,28.498,30.317,0.742,1.118
1/3/1980 11:00,1.122,1.134,0.141,0.196,0.011,0.011,0.076,0.075,0.388,0.394,0,0,26.492,28.201,0.882,1.328
1/3/1980 12:00,1.126,1.139,0.151,0.222,0.011,0.012,0,0,0,0,0,0,25.324,27.034,0.978,1.5
1/3/1980 13:00,1.131,1.143,0.169,0.258,0.011,0.012,0,0,0,0,0,0,24.306,26.034,1.057,1.596
1/3/1980 14:00,1.134,1.147,0.199,0.342,0.011,0.012,0,0,0,0,0,0,23.349,25.121,1.105,1.582
1/3/1980 15:00,1.138,1.151,0.238,0.445,0.011,0.012,0,0,0,0,0,0,22.493,24.289,1.121,1.556
1/3/1980 16:00,1.141,1.153,0.269,0.528,0.011,0.012,0,0,0,0,0,0,21.711,23.579,1.109,1.522
1/3/1980 17:00,1.143,1.156,0.291,0.548,0.011,0.013,0,0,0,0,0.001,0.001,20.987,22.935,1.088,1.459
1/3/1980 18:00,1.146,1.158,0.321,0.561,0.011,0.013,0,0,0,0,0.001,0.001,20.294,22.328,1.075,1.408
1/3/1980 19:00,1.148,1.159,0.36,0.579,0.011,0.013,0,0,0,0,0.001,0.001,19.671,21.8,1.074,1.382
1/3/1980 20:00,1.15,1.161,0.37,0.588,0.011,0.013,0,0,0,0,0.001,0.001,19.129,21.345,1.077,1.368
1/3/1980 21:00,1.152,1.163,0.362,0.581,0.011,0.013,0,0,0,0,0.001,0.001,18.664,20.951,1.074,1.31
1/3/1980 22:00,1.155,1.165,0.36,0.572,0.011,0.013,0,0,0,0,0,0,18.265,20.609,1.069,1.23
1/3/1980 23:00,1.157,1.167,0.358,0.566,0.011,0.013,7.068,7.164,18.455,19.936,0,0,18.009,20.413,1.07,1.168
1/4/1980 0:00,1.158,1.168,0.346,0.554,0.011,0.013,143.092,139.752,253.942,264.534,0,0,19.773,22.205,1.454,1.523
1/4/1980 1:00,1.153,1.162,0.328,0.531,0.011,0.013,367.72,362.858,546.514,558.486,0,0,22.797,25.091,1.507,1.462
1/4/1980 2:00,1.143,1.153,0.322,0.504,0.011,0.012,574.978,574.609,792.164,805.238,0.001,0.001,26.426,28.404,1.532,1.353
1/4/1980 3:00,1.133,1.145,0.33,0.475,0.01,0.011,732.397,735.21,974.191,988.112,0.004,0.003,29.338,30.937,1.572,1.549
1/4/1980 4:00,1.127,1.139,0.364,0.495,0.01,0.011,825.796,830.56,1080.144,1094.47,0.007,0.006,31.02,32.5,1.567,1.675
1/4/1980 5:00,1.123,1.135,0.435,0.57,0.01,0.01,845.29,851.468,1102.842,1117.269,0.014,0.011,31.967,33.452,1.632,1.805
1/4/1980 6:00,1.12,1.132,0.521,0.613,0.01,0.01,790.359,797.271,1040.73,1054.784,0.02,0.016,32.408,33.937,1.73,1.941
1/4/1980 7:00,1.118,1.129,0.577,0.615,0.01,0.01,666.09,673.037,897.982,911.319,0.022,0.017,32.381,33.973,1.839,2.076
1/4/1980 8:00,1.117,1.128,0.609,0.592,0.009,0.01,482.963,490.39,684.376,696.659,0.021,0.016,31.86,33.545,1.947,2.213
1/4/1980 9:00,1.118,1.129,0.556,0.497,0.01,0.01,263.049,269.783,414.456,425.417,0.01,0.008,30.79,32.587,1.855,2.166
1/4/1980 10:00,1.121,1.131,0.475,0.394,0.011,0.011,57.59,60.741,115.487,122.751,0.007,0.005,27.857,29.914,1.193,1.39
1/4/1980 11:00,1.125,1.135,0.414,0.32,0.011,0.011,0.104,0.108,0.394,0.4,0.005,0.004,25.709,27.556,1.313,1.43
1/4/1980 12:00,1.13,1.14,0.36,0.268,0.011,0.011,0,0,0,0,0.003,0.003,24.704,26.534,1.503,1.603
1/4/1980 13:00,1.134,1.145,0.307,0.228,0.011,0.011,0,0,0,0,0.002,0.002,23.788,25.612,1.631,1.721
1/4/1980 14:00,1.138,1.149,0.24,0.197,0.011,0.011,0,0,0,0,0.002,0.002,22.945,24.758,1.735,1.805
1/4/1980 15:00,1.142,1.153,0.18,0.175,0.011,0.011,0,0,0,0,0.004,0.004,22.168,23.971,1.828,1.859
1/4/1980 16:00,1.145,1.156,0.156,0.164,0.011,0.012,0,0,0,0,0.006,0.007,21.449,23.256,1.882,1.854
1/4/1980 17:00,1.148,1.159,0.164,0.173,0.011,0.012,0,0,0,0,0.008,0.009,20.796,22.622,1.918,1.821
1/4/1980 18:00,1.151,1.162,0.177,0.191,0.011,0.012,0,0,0,0,0.01,0.011,20.17,22.04,1.933,1.807
1/4/1980 19:00,1.154,1.164,0.184,0.218,0.011,0.012,0,0,0,0,0.012,0.013,19.576,21.507,1.94,1.852
1/4/1980 20:00,1.156,1.167,0.187,0.253,0.011,0.012,0,0,0,0,0.015,0.016,19.042,21.071,1.941,1.983
1/4/1980 21:00,1.159,1.17,0.197,0.287,0.011,0.011,0,0,0,0,0.017,0.017,18.567,20.686,1.853,2.07
1/4/1980 22:00,1.161,1.172,0.221,0.334,0.011,0.011,0,0,0,0,0.018,0.017,18.126,20.303,1.746,2.031
1/4/1980 23:00,1.163,1.174,0.247,0.369,0.011,0.011,6.43,6.738,18.661,20.153,0.017,0.016,17.817,20.028,1.712,2.045
1/5/1980 0:00,1.164,1.174,0.248,0.323,0.011,0.011,133.094,134.137,254.814,265.374,0.004,0.005,19.124,21.378,2.347,3.004
1/5/1980 1:00,1.16,1.17,0.24,0.261,0.011,0.011,347.585,352.039,547.586,559.52,0.004,0.005,21.57,23.596,3.024,3.96
1/5/1980 2:00,1.153,1.164,0.246,0.239,0.011,0.011,549.803,561.183,793.422,806.47,0.003,0.004,24.117,26.089,3.105,4.033
1/5/1980 3:00,1.146,1.156,0.247,0.238,0.011,0.011,704.241,715.784,975.586,989.453,0.004,0.005,26.347,28.327,3.019,3.896
1/5/1980 4:00,1.139,1.15,0.239,0.236,0.011,0.011,796.139,807.68,1081.62,1095.926,0.005,0.006,28.096,30.042,2.915,3.721
1/5/1980 5:00,1.133,1.144,0.237,0.237,0.011,0.011,817.019,827.968,1104.346,1118.667,0.006,0.007,29.326,31.22,2.79,3.516
1/5/1980 6:00,1.129,1.14,0.248,0.273,0.01,0.01,762.436,773.724,1042.158,1056.19,0.006,0.007,30.001,31.859,2.674,3.339
1/5/1980 7:00,1.126,1.137,0.276,0.384,0.01,0.01,639.397,649.676,899.328,912.614,0.005,0.006,30.127,31.973,2.584,3.204
1/5/1980 8:00,1.125,1.135,0.314,0.469,0.01,0.01,458.97,468.868,685.578,697.83,0.004,0.004,29.702,31.57,2.521,3.12
1/5/1980 9:00,1.125,1.136,0.346,0.492,0.01,0.01,245.678,253.558,415.465,426.386,0.003,0.003,28.693,30.619,2.307,2.872
1/5/1980 10:00,1.128,1.139,0.371,0.488,0.011,0.011,51.592,54.626,116.14,123.395,0.002,0.002,26.277,28.458,1.548,1.927
1/5/1980 11:00,1.133,1.143,0.395,0.435,0.011,0.011,0.083,0.083,0.402,0.407,0.002,0.001,24.28,26.29,1.452,1.583
1/5/1980 12:00,1.137,1.147,0.397,0.345,0.011,0.011,0,0,0,0,0.001,0.001,23.407,25.521,1.549,1.702
1/5/1980 13:00,1.141,1.152,0.382,0.308,0.011,0.011,0,0,0,0,0.002,0.002,22.625,24.797,1.594,1.783
1/5/1980 14:00,1.145,1.155,0.36,0.287,0.011,0.011,0,0,0,0,0.002,0.002,21.93,24.119,1.584,1.805
1/5/1980 15:00,1.148,1.159,0.359,0.282,0.011,0.011,0,0,0,0,0.002,0.002,21.269,23.467,1.612,1.888
1/5/1980 16:00,1.151,1.162,0.373,0.29,0.011,0.011,0,0,0,0,0.002,0.002,20.635,22.869,1.647,2.035
1/5/1980 17:00,1.154,1.165,0.423,0.324,0.011,0.011,0,0,0,0,0.002,0.002,20.034,22.283,1.653,2.169
1/5/1980 18:00,1.156,1.167,0.491,0.365,0.01,0.01,0,0,0,0,0.002,0.002,19.441,21.692,1.651,2.276
1/5/1980 19:00,1.158,1.17,0.546,0.4,0.01,0.01,0,0,0,0,0.002,0.002,18.89,21.158,1.638,2.373
1/5/1980 20:00,1.16,1.172,0.573,0.412,0.01,0.01,0,0,0,0,0.002,0.002,18.417,20.674,1.615,2.372
1/5/1980 21:00,1.163,1.174,0.583,0.413,0.01,0.011,0,0,0,0,0.001,0.001,18.004,20.209,1.549,2.219
1/5/1980 22:00,1.165,1.176,0.577,0.413,0.01,0.011,0,0,0,0,0.001,0.001,17.619,19.778,1.488,2.077
1/5/1980 23:00,1.167,1.179,0.542,0.401,0.01,0.011,6.14,6.552,18.884,20.387,0.001,0.001,17.319,19.463,1.5,2.064
1/6/1980 0:00,1.168,1.179,0.481,0.367,0.01,0.011,127.04,135.7,255.743,266.266,0.025,0.026,18.449,20.618,2.037,2.848
1/6/1980 1:00,1.163,1.174,0.434,0.349,0.011,0.011,339.689,351.653,548.748,560.614,0.035,0.034,21.012,23.016,2.461,3.335
1/6/1980 2:00,1.154,1.165,0.422,0.346,0.011,0.011,546.619,557.018,794.782,807.782,0.062,0.052,23.989,25.925,2.483,3.277
1/6/1980 3:00,1.145,1.157,0.412,0.342,0.01,0.011,705.157,714.534,977.071,990.918,0.065,0.054,26.556,28.444,2.319,2.969
1/6/1980 4:00,1.138,1.15,0.394,0.323,0.01,0.011,799.148,809.634,1083.199,1097.47,0.074,0.064,28.398,30.19,2.207,2.746
1/6/1980 5:00,1.133,1.144,0.378,0.347,0.01,0.01,816.923,829.838,1105.94,1120.288,0.072,0.062,29.595,31.352,2.118,2.567
1/6/1980 6:00,1.128,1.14,0.372,0.393,0.01,0.01,759.643,773.746,1043.717,1057.722,0.072,0.06,30.239,32.001,2.031,2.402
1/6/1980 7:00,1.125,1.136,0.355,0.405,0.01,0.01,633.843,646.706,900.787,914.064,0.049,0.042,30.37,32.161,1.97,2.271
1/6/1980 8:00,1.124,1.135,0.352,0.406,0.01,0.01,452.478,462.758,686.867,699.081,0.03,0.027,29.992,31.831,1.95,2.201
1/6/1980 9:00,1.125,1.135,0.368,0.427,0.01,0.01,240.297,247.563,416.544,427.434,0.019,0.018,29.002,30.932,1.845,2.09
1/6/1980 10:00,1.127,1.138,0.366,0.44,0.011,0.011,50.52,53.613,116.838,124.079,0.009,0.012,26.471,28.623,1.16,1.33
1/6/1980 11:00,1.132,1.142,0.363,0.441,0.011,0.011,0.097,0.1,0.41,0.414,0.008,0.011,24.498,26.56,1.239,1.324
1/6/1980 12:00,1.136,1.147,0.346,0.423,0.011,0.011,0,0,0,0,0.005,0.01,23.631,25.763,1.472,1.531
1/6/1980 13:00,1.141,1.151,0.312,0.412,0.011,0.011,0,0,0,0,0.004,0.008,22.884,25.047,1.64,1.673
1/6/1980 14:00,1.145,1.155,0.337,0.475,0.011,0.011,0,0,0,0,0.002,0.005,22.191,24.382,1.743,1.727
1/6/1980 15:00,1.149,1.159,0.441,0.63,0.011,0.011,0,0,0,0,0.001,0.003,21.515,23.735,1.794,1.717
1/6/1980 16:00,1.152,1.162,0.521,0.686,0.011,0.011,0,0,0,0,0.001,0.002,20.892,23.116,1.803,1.668
1/6/1980 17:00,1.154,1.164,0.58,0.729,0.011,0.011,0,0,0,0,0.001,0.001,20.293,22.49,1.817,1.659
1/6/1980 18:00,1.156,1.166,0.618,0.703,0.011,0.011,0,0,0,0,0.001,0.001,19.711,21.88,1.814,1.652
1/6/1980 19:00,1.158,1.169,0.63,0.652,0.011,0.011,0,0,0,0,0.001,0.001,19.13,21.251,1.813,1.709
1/6/1980 20:00,1.161,1.171,0.682,0.758,0.011,0.011,0,0,0,0,0.001,0.001,18.602,20.731,1.862,1.912
1/6/1980 21:00,1.163,1.174,0.711,0.761,0.011,0.011,0,0,0,0,0.001,0.001,18.093,20.305,1.848,2.076
1/6/1980 22:00,1.165,1.176,0.616,0.626,0.011,0.011,0,0,0,0,0.001,0.001,17.6,19.853,1.838,2.172
1/6/1980 23:00,1.168,1.179,0.553,0.548,0.011,0.011,6.614,6.931,19.124,20.64,0.001,0.001,17.274,19.48,1.897,2.357
1/7/1980 0:00,1.169,1.18,0.569,0.554,0.011,0.011,134.58,140.241,256.734,267.219,0.001,0.003,18.502,20.629,2.667,3.486
1/7/1980 1:00,1.165,1.176,0.578,0.593,0.01,0.011,351.937,360.685,549.974,561.832,0.001,0.002,20.748,22.688,3.55,4.426
1/7/1980 2:00,1.159,1.17,0.574,0.622,0.01,0.011,556.038,565.188,796.211,809.204,0.002,0.002,23.028,24.952,3.642,4.439
1/7/1980 3:00,1.153,1.163,0.596,0.571,0.01,0.01,711.601,721.167,978.661,992.469,0.005,0.005,25.066,27.074,3.533,4.253
1/7/1980 4:00,1.147,1.157,0.74,0.63,0.01,0.01,801.841,812.474,1084.892,1099.161,0.015,0.014,26.697,28.749,3.37,4.023
1/7/1980 5:00,1.141,1.152,0.859,0.856,0.01,0.01,816.657,829.438,1107.635,1121.911,0.027,0.024,27.845,29.899,3.15,3.708
1/7/1980 6:00,1.137,1.147,0.907,0.922,0.01,0.01,755.94,771.864,1045.358,1059.291,0.027,0.026,28.467,30.524,2.915,3.375
1/7/1980 7:00,1.134,1.144,0.889,0.912,0.01,0.01,630.492,646.062,902.317,915.517,0.023,0.025,28.57,30.648,2.711,3.092
1/7/1980 8:00,1.133,1.143,0.843,0.881,0.01,0.01,450.414,466.165,688.23,700.385,0.022,0.023,28.14,30.272,2.574,2.921
1/7/1980 9:00,1.134,1.143,0.787,0.841,0.01,0.01,242.784,254.265,417.688,428.532,0.014,0.014,27.16,29.37,2.406,2.741
1/7/1980 10:00,1.137,1.146,0.753,0.804,0.011,0.01,51.567,56.444,117.582,124.813,0.014,0.012,24.903,27.339,1.722,1.973
1/7/1980 11:00,1.141,1.15,0.806,0.785,0.011,0.011,0.102,0.101,0.418,0.422,0.012,0.014,22.827,25.193,1.628,1.694
1/7/1980 12:00,1.146,1.155,0.767,0.692,0.01,0.01,0,0,0,0,0.012,0.017,21.926,24.384,1.794,1.838
1/7/1980 13:00,1.151,1.16,0.625,0.547,0.01,0.01,0,0,0,0,0.016,0.025,21.116,23.612,1.899,1.913
1/7/1980 14:00,1.155,1.164,0.534,0.445,0.01,0.01,0,0,0,0,0.011,0.015,20.35,22.825,1.924,1.925
1/7/1980 15:00,1.159,1.168,0.503,0.383,0.01,0.01,0,0,0,0,0.01,0.011,19.642,22.11,1.955,1.982
1/7/1980 16:00,1.162,1.171,0.436,0.323,0.01,0.01,0,0,0,0,0.007,0.008,18.963,21.435,1.969,2.085
1/7/1980 17:00,1.164,1.173,0.33,0.252,0.01,0.01,0,0,0,0,0.009,0.01,18.314,20.83,1.978,2.266
1/7/1980 18:00,1.166,1.176,0.229,0.19,0.01,0.01,0,0,0,0,0.007,0.007,17.681,20.241,1.96,2.445
1/7/1980 19:00,1.168,1.178,0.141,0.14,0.009,0.01,0,0,0,0,0.005,0.005,17.099,19.646,1.908,2.517
1/7/1980 20:00,1.17,1.181,0.111,0.118,0.009,0.01,0,0,0,0,0.004,0.004,16.599,19.074,1.853,2.56
1/7/1980 21:00,1.173,1.183,0.113,0.122,0.009,0.01,0,0,0,0,0.003,0.003,16.174,18.544,1.757,2.454
1/7/1980 22:00,1.175,1.186,0.123,0.133,0.009,0.01,0,0,0,0,0.002,0.003,15.814,18.134,1.667,2.377
1/7/1980 23:00,1.177,1.188,0.157,0.152,0.009,0.01,6.598,7.005,19.382,20.912,0.002,0.003,15.535,17.801,1.612,2.245
1/8/1980 0:00,1.177,1.188,0.26,0.203,0.009,0.01,138.443,143.712,257.789,268.233,0.004,0.004,16.826,19.001,2.143,2.888
1/8/1980 1:00,1.172,1.183,0.334,0.237,0.009,0.01,358.682,364.956,551.282,563.102,0.004,0.004,19.433,21.37,2.519,3.211
1/8/1980 2:00,1.163,1.175,0.369,0.258,0.009,0.01,565.703,571.938,797.717,810.649,0.007,0.007,22.337,24.093,2.418,2.966
1/8/1980 3:00,1.153,1.165,0.38,0.264,0.01,0.01,724.045,730.881,980.324,994.049,0.011,0.011,25,26.756,2.211,2.676
1/8/1980 4:00,1.145,1.156,0.359,0.246,0.01,0.01,816.238,824.042,1086.632,1100.815,0.02,0.018,27.143,28.95,1.991,2.437
1/8/1980 5:00,1.138,1.15,0.356,0.235,0.01,0.01,832.573,842.957,1109.414,1123.651,0.026,0.022,28.578,30.352,1.809,2.25
1/8/1980 6:00,1.133,1.145,0.349,0.222,0.01,0.01,775.371,786.597,1047.108,1060.974,0.021,0.018,29.326,31.107,1.711,2.149
1/8/1980 7:00,1.13,1.141,0.326,0.211,0.01,0.01,647.423,660.03,903.939,917.124,0.016,0.014,29.499,31.332,1.713,2.142
1/8/1980 8:00,1.129,1.14,0.307,0.207,0.01,0.01,465.187,475.992,689.673,701.786,0.015,0.013,29.147,31.048,1.761,2.183
1/8/1980 9:00,1.129,1.14,0.241,0.186,0.01,0.01,250.183,260.113,418.902,429.711,0.01,0.009,28.194,30.189,1.66,2.06
1/8/1980 10:00,1.132,1.142,0.171,0.158,0.011,0.011,53.254,57.423,118.376,125.589,0.008,0.008,25.681,27.859,1.001,1.235
1/8/1980 11:00,1.135,1.146,0.131,0.141,0.011,0.011,0.092,0.087,0.427,0.43,0.009,0.01,23.589,25.625,1.002,1.13
1/8/1980 12:00,1.139,1.15,0.092,0.108,0.011,0.011,0,0,0,0,0.009,0.013,22.64,24.73,1.084,1.23
1/8/1980 13:00,1.143,1.153,0.067,0.076,0.011,0.011,0,0,0,0,0.009,0.014,21.837,23.964,1.155,1.31
1/8/1980 14:00,1.146,1.157,0.061,0.068,0.011,0.011,0,0,0,0,0.009,0.013,21.146,23.279,1.224,1.355
1/8/1980 15:00,1.149,1.16,0.074,0.076,0.01,0.011,0,0,0,0,0.009,0.012,20.556,22.669,1.285,1.356
1/8/1980 16:00,1.152,1.163,0.135,0.121,0.01,0.011,0,0,0,0,0.008,0.01,19.985,22.126,1.339,1.325
1/8/1980 17:00,1.155,1.165,0.185,0.161,0.01,0.011,0,0,0,0,0.007,0.01,19.368,21.517,1.382,1.34
1/8/1980 18:00,1.157,1.168,0.207,0.18,0.01,0.011,0,0,0,0,0.007,0.01,18.749,20.869,1.434,1.462
1/8/1980 19:00,1.16,1.171,0.193,0.173,0.01,0.011,0,0,0,0,0.008,0.012,18.185,20.273,1.486,1.579
1/8/1980 20:00,1.162,1.173,0.198,0.169,0.01,0.011,0,0,0,0,0.009,0.012,17.692,19.754,1.533,1.681
1/8/1980 21:00,1.164,1.176,0.223,0.174,0.01,0.011,0,0,0,0,0.008,0.01,17.277,19.304,1.529,1.711
1/8/1980 22:00,1.167,1.178,0.234,0.171,0.01,0.011,0,0,0,0,0.008,0.009,16.916,18.904,1.526,1.723
1/8/1980 23:00,1.169,1.181,0.238,0.162,0.01,0.01,7.034,7.47,19.657,21.201,0.007,0.008,16.637,18.594,1.558,1.775
1/9/1980 0:00,1.169,1.181,0.228,0.138,0.01,0.011,142.384,148.608,258.905,269.312,0.001,0.002,18.043,20.076,2.149,2.553
1/9/1980 1:00,1.164,1.174,0.199,0.124,0.01,0.011,365.284,373.365,552.653,564.413,0.001,0.002,20.826,22.843,2.615,3.005
1/9/1980 2:00,1.154,1.164,0.28,0.338,0.01,0.01,573.572,582.754,799.316,812.231,0.002,0.002,23.94,26.187,2.685,3.301
1/9/1980 3:00,1.146,1.156,0.413,0.583,0.01,0.01,733.177,742.771,982.077,995.78,0.002,0.003,26.409,28.526,2.509,3.056
1/9/1980 4:00,1.14,1.15,0.457,0.637,0.01,0.01,825.763,836.007,1088.501,1102.683,0.003,0.004,28.101,30.097,2.326,2.804
1/9/1980 5:00,1.135,1.146,0.478,0.659,0.01,0.01,844.551,855.027,1111.298,1125.473,0.004,0.005,29.206,31.142,2.172,2.624
1/9/1980 6:00,1.131,1.142,0.455,0.631,0.01,0.01,783.905,794.452,1048.925,1062.789,0.005,0.005,29.796,31.705,2.018,2.448
1/9/1980 7:00,1.129,1.14,0.358,0.43,0.01,0.01,653.486,665.074,905.638,918.762,0.004,0.005,29.883,31.788,1.87,2.248
1/9/1980 8:00,1.128,1.139,0.232,0.216,0.01,0.01,474.472,485.753,691.179,703.258,0.003,0.004,29.471,31.396,1.755,2.075
1/9/1980 9:00,1.128,1.139,0.163,0.145,0.01,0.009,259.682,268.047,420.191,430.943,0.002,0.003,28.48,30.475,1.583,1.876
1/9/1980 10:00,1.13,1.141,0.144,0.121,0.011,0.01,57.366,60.996,119.218,126.426,0.001,0.002,25.8,27.954,0.95,1.105
1/9/1980 11:00,1.134,1.144,0.127,0.106,0.01,0.01,0.111,0.111,0.437,0.439,0.001,0.001,23.61,25.629,1.033,1.116
1/9/1980 12:00,1.138,1.149,0.13,0.103,0.01,0.01,0,0,0,0,0,0.001,22.575,24.645,1.145,1.239
1/9/1980 13:00,1.142,1.153,0.153,0.121,0.01,0.01,0,0,0,0,0,0,21.693,23.796,1.231,1.342
1/9/1980 14:00,1.146,1.157,0.152,0.173,0.01,0.01,0,0,0,0,0,0,20.914,23.046,1.297,1.41
1/9/1980 15:00,1.149,1.16,0.147,0.275,0.01,0.01,0,0,0,0,0,0,20.241,22.347,1.334,1.445
1/9/1980 16:00,1.152,1.163,0.107,0.243,0.01,0.01,0,0,0,0,0,0,19.636,21.705,1.331,1.445
1/9/1980 17:00,1.155,1.166,0.057,0.067,0.01,0.01,0,0,0,0,0,0,19.061,21.093,1.281,1.384
1/9/1980 18:00,1.157,1.168,0.049,0.045,0.01,0.01,0,0,0,0,0,0,18.486,20.502,1.205,1.284
1/9/1980 19:00,1.159,1.17,0.05,0.051,0.01,0.01,0,0,0,0,0,0,17.906,19.929,1.153,1.202
1/9/1980 20:00,1.161,1.172,0.057,0.066,0.01,0.01,0,0,0,0,0,0.001,17.366,19.412,1.116,1.152
1/9/1980 21:00,1.164,1.175,0.066,0.078,0.01,0.01,0,0,0,0,0,0.001,16.941,18.973,1.1,1.16
1/9/1980 22:00,1.166,1.177,0.07,0.079,0.01,0.01,0,0,0,0,0,0,16.581,18.571,1.108,1.202
1/9/1980 23:00,1.168,1.18,0.06,0.065,0.01,0.01,7.52,7.992,19.95,21.507,0,0,16.309,18.248,1.172,1.298
1/10/1980 0:00,1.169,1.181,0.062,0.062,0.01,0.01,146.719,153.295,260.08,270.444,0,0,17.94,19.994,1.679,1.959
1/10/1980 1:00,1.162,1.174,0.068,0.054,0.01,0.01,372.555,380.951,554.091,565.835,0,0,20.891,22.91,1.778,2.03
1/10/1980 2:00,1.151,1.161,0.073,0.045,0.01,0.01,580.602,589.834,800.999,813.839,0,0,24.496,26.761,1.753,2.029
1/10/1980 3:00,1.142,1.153,0.074,0.045,0.01,0.01,739.157,749.137,983.922,997.577,0,0,27.258,29.32,1.577,1.777
1/10/1980 4:00,1.135,1.147,0.081,0.068,0.01,0.01,832.315,842.93,1090.453,1104.545,0,0,28.991,30.852,1.359,1.502
1/10/1980 5:00,1.13,1.142,0.111,0.128,0.01,0.009,851.451,862.49,1113.26,1127.419,0.001,0.001,30.084,31.869,1.145,1.242
1/10/1980 6:00,1.126,1.138,0.157,0.183,0.009,0.009,795.515,806.791,1050.872,1064.734,0.001,0.001,30.654,32.422,0.97,1.046
1/10/1980 7:00,1.124,1.136,0.165,0.169,0.009,0.009,667.768,678.944,907.431,920.492,0.001,0.001,30.741,32.506,0.888,1.009
1/10/1980 8:00,1.123,1.135,0.141,0.13,0.009,0.009,483.455,494.367,692.782,704.837,0.001,0.001,30.324,32.112,0.877,1.058
1/10/1980 9:00,1.124,1.135,0.128,0.141,0.009,0.009,261.941,269.643,421.535,432.251,0,0,29.323,31.173,0.873,1.132
1/10/1980 10:00,1.126,1.137,0.141,0.22,0.01,0.01,57.444,61.153,120.103,127.282,0,0,26.933,28.941,0.738,1.044
1/10/1980 11:00,1.129,1.141,0.15,0.225,0.01,0.01,0.112,0.114,0.448,0.448,0,0,24.884,26.76,0.913,1.283
1/10/1980 12:00,1.133,1.145,0.148,0.189,0.01,0.01,0,0,0,0,0,0,23.682,25.564,1.011,1.483
1/10/1980 13:00,1.137,1.149,0.155,0.181,0.01,0.01,0,0,0,0,0,0,22.669,24.526,1.066,1.534
1/10/1980 14:00,1.14,1.152,0.181,0.201,0.01,0.011,0,0,0,0,0,0.001,21.787,23.658,1.095,1.512
1/10/1980 15:00,1.143,1.155,0.198,0.197,0.01,0.011,0,0,0,0,0.001,0.001,21.004,22.901,1.096,1.474
1/10/1980 16:00,1.146,1.158,0.207,0.196,0.01,0.011,0,0,0,0,0.001,0.002,20.305,22.232,1.082,1.431
1/10/1980 17:00,1.148,1.16,0.212,0.2,0.01,0.011,0,0,0,0,0.001,0.002,19.667,21.628,1.059,1.372
1/10/1980 18:00,1.15,1.162,0.239,0.228,0.01,0.011,0,0,0,0,0.001,0.002,19.093,21.079,1.031,1.308
1/10/1980 19:00,1.152,1.163,0.252,0.257,0.01,0.012,0,0,0,0,0.001,0.002,18.597,20.591,1.001,1.248
1/10/1980 20:00,1.154,1.165,0.269,0.293,0.01,0.012,0,0,0,0,0.001,0.001,18.14,20.146,0.968,1.196
1/10/1980 21:00,1.156,1.167,0.295,0.348,0.01,0.012,0,0,0,0,0.001,0.001,17.739,19.762,0.939,1.145
1/10/1980 22:00,1.158,1.169,0.304,0.384,0.01,0.012,0,0,0,0,0.001,0.001,17.389,19.434,0.926,1.1
1/10/1980 23:00,1.16,1.172,0.286,0.393,0.01,0.012,7.635,8.035,20.261,21.833,0.001,0.001,17.148,19.219,0.927,1.071
1/11/1980 0:00,1.161,1.173,0.236,0.328,0.011,0.012,149.044,153.744,261.314,271.622,0,0.001,18.954,21.105,1.209,1.42
1/11/1980 1:00,1.156,1.166,0.152,0.209,0.011,0.011,376.314,381.742,555.614,567.291,0,0.001,22.067,24.203,1.205,1.44
1/11/1980 2:00,1.144,1.155,0.117,0.144,0.01,0.01,585.637,591.679,802.739,815.552,0.001,0.001,26.133,28.037,1.312,1.587
1/11/1980 3:00,1.136,1.148,0.165,0.162,0.01,0.01,744.144,750.747,985.845,999.463,0.001,0.002,28.573,30.243,1.344,1.576
1/11/1980 4:00,1.131,1.144,0.22,0.195,0.009,0.01,836.969,844.07,1092.463,1106.523,0.001,0.002,29.987,31.599,1.275,1.522
1/11/1980 5:00,1.127,1.139,0.238,0.199,0.009,0.01,855.532,863.338,1115.33,1129.444,0.001,0.002,30.911,32.497,1.247,1.54
1/11/1980 6:00,1.124,1.136,0.206,0.166,0.009,0.009,797.454,805.612,1052.859,1066.62,0.002,0.002,31.399,32.96,1.314,1.637
1/11/1980 7:00,1.121,1.134,0.135,0.113,0.009,0.009,668.515,676.804,909.295,922.364,0.001,0.002,31.421,32.978,1.397,1.732
1/11/1980 8:00,1.12,1.133,0.075,0.069,0.009,0.009,481.384,491.015,694.45,706.426,0.001,0.001,30.941,32.525,1.408,1.754
1/11/1980 9:00,1.121,1.133,0.061,0.057,0.009,0.009,264.154,271.488,422.947,433.612,0.001,0.001,29.859,31.53,1.261,1.665
1/11/1980 10:00,1.123,1.135,0.062,0.056,0.01,0.01,58.343,62.007,121.039,128.208,0.001,0.001,27.167,29.085,0.847,1.264
1/11/1980 11:00,1.127,1.139,0.065,0.057,0.01,0.01,0.1,0.106,0.459,0.458,0,0,25.149,26.878,0.967,1.417
1/11/1980 12:00,1.131,1.144,0.068,0.059,0.01,0.011,0,0,0,0,0,0,24.079,25.902,1.051,1.682
1/11/1980 13:00,1.135,1.148,0.077,0.065,0.01,0.011,0,0,0,0,0,0,23.104,25.002,1.114,1.834
1/11/1980 14:00,1.139,1.152,0.082,0.071,0.01,0.012,0,0,0,0,0,0,22.238,24.185,1.155,1.878
1/11/1980 15:00,1.142,1.154,0.086,0.077,0.01,0.012,0,0,0,0,0,0,21.48,23.461,1.169,1.844
1/11/1980 16:00,1.145,1.157,0.102,0.099,0.01,0.012,0,0,0,0,0,0,20.805,22.789,1.157,1.753
1/11/1980 17:00,1.147,1.158,0.126,0.159,0.01,0.012,0,0,0,0,0,0,20.184,22.171,1.118,1.633
1/11/1980 18:00,1.149,1.16,0.147,0.24,0.01,0.013,0,0,0,0,0,0.001,19.615,21.596,1.066,1.503
1/11/1980 19:00,1.151,1.162,0.162,0.291,0.011,0.013,0,0,0,0,0.001,0.001,19.083,21.062,1.015,1.383
1/11/1980 20:00,1.153,1.164,0.172,0.316,0.011,0.013,0,0,0,0,0.001,0.001,18.592,20.574,0.972,1.285
1/11/1980 21:00,1.155,1.166,0.161,0.275,0.011,0.013,0,0,0,0,0,0,18.124,20.117,0.939,1.211
1/11/1980 22:00,1.158,1.169,0.111,0.129,0.011,0.013,0,0,0,0,0,0,17.71,19.709,0.92,1.164
1/11/1980 23:00,1.161,1.172,0.079,0.062,0.011,0.013,7.67,8.06,20.592,22.18,0,0,17.423,19.419,0.905,1.145
1/12/1980 0:00,1.162,1.174,0.065,0.052,0.011,0.013,149.143,153.928,262.603,272.855,0,0.001,19.192,21.194,1.216,1.616
1/12/1980 1:00,1.157,1.168,0.037,0.033,0.011,0.012,376.957,381.323,557.19,568.822,0.001,0.001,22.234,24.214,1.205,1.561
1/12/1980 2:00,1.145,1.157,0.027,0.022,0.01,0.011,588.234,591.089,804.571,817.335,0,0.001,26.075,27.792,0.999,1.319
1/12/1980 3:00,1.136,1.149,0.07,0.034,0.01,0.011,747.147,749.671,987.86,1001.438,0.001,0.001,28.827,30.26,0.976,1.156
1/12/1980 4:00,1.131,1.143,0.165,0.09,0.01,0.011,840.51,843.211,1094.59,1108.657,0.001,0.001,30.453,31.825,1.064,1.2
1/12/1980 5:00,1.126,1.139,0.253,0.184,0.009,0.01,858.861,862.461,1117.472,1131.52,0.001,0.001,31.452,32.809,1.147,1.342
1/12/1980 6:00,1.122,1.135,0.306,0.245,0.009,0.01,803.556,807.506,1054.925,1068.7,0.001,0.001,31.969,33.311,1.207,1.476
1/12/1980 7:00,1.12,1.133,0.335,0.272,0.009,0.01,676.023,680.549,911.253,924.229,0.001,0.001,32.008,33.345,1.229,1.562
1/12/1980 8:00,1.119,1.132,0.352,0.293,0.009,0.01,491.283,496.553,696.179,708.127,0.001,0.001,31.538,32.89,1.213,1.618
1/12/1980 9:00,1.12,1.132,0.32,0.278,0.009,0.01,268.026,273.588,424.416,435.025,0,0,30.474,31.891,1.106,1.584
1/12/1980 10:00,1.122,1.135,0.251,0.229,0.01,0.011,60.085,63.11,122.02,129.176,0,0,27.813,29.528,0.825,1.312
1/12/1980 11:00,1.126,1.139,0.19,0.172,0.01,0.011,0.103,0.106,0.471,0.469,0,0,25.733,27.334,0.949,1.452
1/12/1980 12:00,1.13,1.144,0.154,0.132,0.01,0.011,0,0,0,0,0,0,24.61,26.303,1.025,1.67
1/12/1980 13:00,1.134,1.148,0.144,0.111,0.01,0.012,0,0,0,0,0,0,23.678,25.434,1.062,1.754
1/12/1980 14:00,1.138,1.152,0.143,0.107,0.01,0.012,0,0,0,0,0,0,22.856,24.604,1.075,1.727
1/12/1980 15:00,1.141,1.154,0.147,0.107,0.01,0.012,0,0,0,0,0,0,22.057,23.827,1.075,1.681
1/12/1980 16:00,1.144,1.156,0.158,0.11,0.01,0.012,0,0,0,0,0,0,21.319,23.143,1.064,1.628
1/12/1980 17:00,1.146,1.158,0.168,0.109,0.01,0.013,0,0,0,0,0,0,20.587,22.499,1.064,1.58
1/12/1980 18:00,1.148,1.16,0.2,0.119,0.01,0.013,0,0,0,0,0,0,19.844,21.868,1.07,1.535
1/12/1980 19:00,1.15,1.162,0.255,0.146,0.01,0.013,0,0,0,0,0,0.001,19.142,21.277,1.065,1.474
1/12/1980 20:00,1.153,1.163,0.277,0.16,0.01,0.013,0,0,0,0,0,0,18.537,20.759,1.054,1.404
1/12/1980 21:00,1.155,1.165,0.238,0.139,0.01,0.013,0,0,0,0,0,0,18.046,20.303,1.028,1.306
1/12/1980 22:00,1.157,1.168,0.16,0.096,0.01,0.013,0,0,0,0,0,0,17.649,19.922,1.003,1.221
1/12/1980 23:00,1.16,1.17,0.094,0.058,0.011,0.013,7.942,8.31,20.94,22.544,0,0,17.405,19.703,0.993,1.16
1/13/1980 0:00,1.161,1.172,0.061,0.042,0.011,0.013,152.382,156.132,263.948,274.14,0,0,19.308,21.608,1.362,1.59
1/13/1980 1:00,1.156,1.165,0.03,0.023,0.011,0.012,382.612,385.692,558.84,570.398,0,0,22.448,24.675,1.366,1.548
1/13/1980 2:00,1.145,1.155,0.018,0.016,0.01,0.011,592.916,595.708,806.473,819.161,0,0,26.211,28.208,1.132,1.189
1/13/1980 3:00,1.135,1.147,0.017,0.017,0.01,0.011,752.243,755.015,989.946,1003.477,0,0,29.189,30.808,0.958,0.934
1/13/1980 4:00,1.129,1.141,0.018,0.018,0.009,0.01,845.909,848.765,1096.793,1110.783,0,0,30.88,32.391,0.915,0.878
1/13/1980 5:00,1.124,1.136,0.02,0.019,0.009,0.01,865.652,868.761,1119.691,1133.704,0,0,31.889,33.37,0.879,0.84
1/13/1980 6:00,1.12,1.132,0.021,0.02,0.009,0.01,809.834,813.085,1057.119,1070.819,0,0,32.403,33.886,0.86,0.848
1/13/1980 7:00,1.118,1.13,0.025,0.023,0.009,0.01,683.407,686.853,913.27,926.204,0,0,32.455,33.958,0.893,0.946
1/13/1980 8:00,1.117,1.129,0.038,0.028,0.009,0.01,496.796,500.819,698.002,709.896,0,0,32.014,33.56,0.973,1.1
1/13/1980 9:00,1.118,1.13,0.064,0.041,0.009,0.01,272.949,277.688,425.95,436.512,0,0,30.974,32.593,1.004,1.202
1/13/1980 10:00,1.121,1.133,0.078,0.054,0.01,0.011,61.421,64.061,123.048,130.183,0,0,28.207,30.157,0.816,1.087
1/13/1980 11:00,1.126,1.137,0.083,0.059,0.01,0.011,0.123,0.125,0.484,0.48,0,0,25.964,27.902,0.981,1.343
1/13/1980 12:00,1.13,1.143,0.092,0.066,0.01,0.011,0,0,0,0,0,0,24.78,26.73,1.099,1.657
1/13/1980 13:00,1.135,1.147,0.092,0.067,0.01,0.011,0,0,0,0,0,0,23.824,25.694,1.203,1.766
1/13/1980 14:00,1.14,1.152,0.087,0.064,0.01,0.012,0,0,0,0,0,0,22.92,24.794,1.294,1.785
1/13/1980 15:00,1.144,1.155,0.087,0.067,0.01,0.012,0,0,0,0,0,0,22.071,23.987,1.341,1.75
1/13/1980 16:00,1.147,1.158,0.09,0.071,0.01,0.012,0,0,0,0,0,0,21.261,23.241,1.364,1.71
1/13/1980 17:00,1.15,1.161,0.092,0.074,0.011,0.012,0,0,0,0,0,0,20.481,22.534,1.377,1.684
1/13/1980 18:00,1.152,1.163,0.074,0.067,0.011,0.012,0,0,0,0,0,0,19.734,21.857,1.373,1.645
1/13/1980 19:00,1.154,1.165,0.049,0.053,0.011,0.012,0,0,0,0,0,0,19.054,21.242,1.375,1.602
1/13/1980 20:00,1.157,1.167,0.033,0.045,0.011,0.012,0,0,0,0,0,0,18.461,20.704,1.388,1.565
1/13/1980 21:00,1.159,1.169,0.03,0.045,0.011,0.012,0,0,0,0,0,0,17.943,20.235,1.37,1.496
1/13/1980 22:00,1.161,1.172,0.031,0.043,0.011,0.012,0,0,0,0,0,0,17.502,19.829,1.337,1.405
1/13/1980 23:00,1.164,1.174,0.049,0.048,0.011,0.012,7.952,8.328,21.309,22.927,0,0,17.224,19.575,1.366,1.348
1/14/1980 0:00,1.165,1.175,0.07,0.061,0.011,0.012,151.825,155.115,265.359,275.507,0,0,18.906,21.242,1.854,1.737
1/14/1980 1:00,1.16,1.168,0.078,0.067,0.011,0.012,380.445,383.161,560.563,572.057,0,0,21.805,24.271,2.065,1.741
1/14/1980 2:00,1.151,1.16,0.081,0.069,0.01,0.011,589.952,592.489,808.449,821.08,0,0,24.985,27.378,2.089,1.837
1/14/1980 3:00,1.142,1.152,0.104,0.085,0.01,0.011,749.036,751.747,992.115,1005.557,0,0,27.627,29.677,2.014,1.882
1/14/1980 4:00,1.136,1.146,0.138,0.111,0.01,0.011,842.201,845.514,1099.07,1112.943,0,0.001,29.529,31.381,1.862,1.829
1/14/1980 5:00,1.13,1.141,0.179,0.143,0.01,0.011,861.001,865.278,1121.988,1135.946,0.001,0.001,30.769,32.513,1.679,1.733
1/14/1980 6:00,1.126,1.137,0.219,0.157,0.01,0.01,804.066,809.114,1059.326,1072.944,0.001,0.001,31.42,33.101,1.508,1.617
1/14/1980 7:00,1.123,1.134,0.248,0.172,0.01,0.01,676.534,682.246,915.364,928.233,0.001,0.001,31.535,33.186,1.392,1.542
1/14/1980 8:00,1.122,1.133,0.267,0.199,0.009,0.01,491.337,497.135,699.867,711.69,0.001,0.001,31.124,32.788,1.353,1.55
1/14/1980 9:00,1.123,1.134,0.263,0.233,0.01,0.01,270.282,274.032,427.534,438.031,0,0,30.121,31.837,1.34,1.575
1/14/1980 10:00,1.125,1.136,0.235,0.264,0.011,0.011,61.045,63.485,124.125,131.241,0,0,27.413,29.474,0.975,1.312
1/14/1980 11:00,1.13,1.141,0.215,0.269,0.011,0.011,0.126,0.126,0.498,0.492,0,0,25.218,27.244,1.195,1.597
1/14/1980 12:00,1.135,1.146,0.17,0.217,0.01,0.011,0,0,0,0,0,0,24.108,26.101,1.415,1.893
1/14/1980 13:00,1.14,1.151,0.147,0.17,0.011,0.012,0,0,0,0,0,0,23.112,25.128,1.588,2.104
1/14/1980 14:00,1.144,1.156,0.148,0.167,0.011,0.012,0,0,0,0,0,0,22.185,24.246,1.705,2.166
1/14/1980 15:00,1.148,1.16,0.151,0.166,0.011,0.013,0,0,0,0,0,0,21.395,23.478,1.765,2.149
1/14/1980 16:00,1.151,1.163,0.159,0.176,0.011,0.013,0,0,0,0,0,0,20.708,22.806,1.781,2.092
1/14/1980 17:00,1.155,1.165,0.179,0.191,0.011,0.013,0,0,0,0,0,0,20.086,22.197,1.791,2.009
1/14/1980 18:00,1.157,1.167,0.209,0.211,0.011,0.013,0,0,0,0,0,0,19.482,21.626,1.769,1.89
1/14/1980 19:00,1.159,1.168,0.234,0.235,0.011,0.013,0,0,0,0,0,0,18.908,21.109,1.739,1.784
1/14/1980 20:00,1.161,1.17,0.266,0.271,0.011,0.013,0,0,0,0,0,0,18.4,20.662,1.69,1.684
1/14/1980 21:00,1.163,1.172,0.279,0.276,0.011,0.013,0,0,0,0,0,0,17.972,20.317,1.623,1.562
1/14/1980 22:00,1.166,1.174,0.287,0.271,0.01,0.013,0,0,0,0,0.001,0,17.564,20.015,1.606,1.442
1/14/1980 23:00,1.168,1.177,0.275,0.251,0.01,0.013,7.688,8.106,21.697,23.33,0,0,17.239,19.729,1.682,1.505
1/15/1980 0:00,1.169,1.178,0.219,0.203,0.01,0.012,146.011,150.626,266.817,276.894,0.002,0.001,18.537,21.168,2.271,2.456
1/15/1980 1:00,1.164,1.172,0.158,0.151,0.01,0.012,369.569,374.286,562.331,573.783,0.002,0.001,21.18,23.717,2.665,3.113
1/15/1980 2:00,1.156,1.165,0.129,0.141,0.01,0.012,576.34,581.565,810.492,823.076,0.001,0.001,24.088,26.281,2.793,3.398
1/15/1980 3:00,1.147,1.158,0.121,0.204,0.01,0.011,733.5,740.03,994.361,1007.783,0.001,0.001,26.598,28.494,2.794,3.433
1/15/1980 4:00,1.14,1.151,0.124,0.239,0.01,0.011,827.043,835.353,1101.425,1115.309,0.002,0.001,28.519,30.254,2.706,3.318
1/15/1980 5:00,1.134,1.145,0.166,0.227,0.01,0.011,847.178,856.762,1124.388,1138.345,0.002,0.002,29.817,31.45,2.561,3.115
1/15/1980 6:00,1.129,1.141,0.216,0.209,0.01,0.011,791.509,801.808,1061.675,1075.229,0.003,0.002,30.491,32.075,2.399,2.903
1/15/1980 7:00,1.126,1.138,0.245,0.179,0.01,0.011,665.772,677.458,917.53,930.356,0.004,0.002,30.611,32.194,2.282,2.749
1/15/1980 8:00,1.125,1.137,0.276,0.19,0.01,0.01,479.21,490.116,701.819,713.584,0.004,0.003,30.191,31.803,2.216,2.649
1/15/1980 9:00,1.126,1.138,0.297,0.223,0.01,0.01,255.98,266.395,429.199,439.629,0.003,0.002,29.176,30.874,2.086,2.502
1/15/1980 10:00,1.129,1.14,0.299,0.274,0.011,0.011,55.73,59.472,125.245,132.33,0.002,0.001,26.669,28.677,1.36,1.794
1/15/1980 11:00,1.133,1.145,0.265,0.257,0.011,0.011,0.127,0.127,0.513,0.504,0.002,0.001,24.545,26.557,1.363,1.771
1/15/1980 12:00,1.138,1.15,0.23,0.233,0.011,0.011,0,0,0,0,0.002,0.001,23.641,25.731,1.557,2.03
1/15/1980 13:00,1.142,1.154,0.235,0.258,0.011,0.012,0,0,0,0,0.001,0.001,22.837,24.951,1.671,2.17
1/15/1980 14:00,1.146,1.158,0.265,0.272,0.011,0.012,0,0,0,0,0.001,0.001,22.087,24.2,1.728,2.234
1/15/1980 15:00,1.15,1.161,0.337,0.3,0.011,0.012,0,0,0,0,0.001,0.001,21.369,23.47,1.722,2.18
1/15/1980 16:00,1.153,1.164,0.396,0.329,0.011,0.012,0,0,0,0,0.002,0.002,20.682,22.822,1.681,2.058
1/15/1980 17:00,1.155,1.166,0.442,0.363,0.011,0.013,0,0,0,0,0.002,0.002,20.086,22.246,1.608,1.897
1/15/1980 18:00,1.157,1.167,0.454,0.379,0.011,0.013,0,0,0,0,0.002,0.001,19.533,21.708,1.528,1.722
1/15/1980 19:00,1.159,1.169,0.429,0.371,0.011,0.013,0,0,0,0,0.002,0.001,19,21.22,1.442,1.574
1/15/1980 20:00,1.161,1.17,0.413,0.34,0.011,0.013,0,0,0,0,0.001,0.001,18.507,20.753,1.371,1.424
1/15/1980 21:00,1.162,1.172,0.405,0.323,0.011,0.012,0,0,0,0,0.001,0.001,18.081,20.361,1.305,1.31
1/15/1980 22:00,1.165,1.174,0.469,0.392,0.011,0.012,0,0,0,0,0.001,0.001,17.693,20.012,1.241,1.17
1/15/1980 23:00,1.167,1.176,0.596,0.544,0.011,0.012,7.835,8.267,22.104,23.754,0.001,0,17.413,19.715,1.241,1.155
1/16/1980 0:00,1.167,1.177,0.709,0.673,0.011,0.012,145.521,150.884,268.331,278.348,0,0,18.845,21.208,1.754,1.879
1/16/1980 1:00,1.161,1.17,0.776,0.754,0.011,0.012,367.659,374.321,564.174,575.57,0,0,21.699,24.069,1.953,2.345
1/16/1980 2:00,1.152,1.162,0.796,0.783,0.011,0.011,574.685,582.49,812.59,825.109,0,0,24.943,26.948,2.043,2.595
1/16/1980 3:00,1.143,1.154,0.772,0.76,0.01,0.011,736.312,745.188,996.679,1010.035,0,0,27.564,29.293,1.889,2.484
1/16/1980 4:00,1.136,1.148,0.732,0.711,0.01,0.011,832.822,842.964,1103.867,1117.73,0,0,29.348,30.919,1.642,2.221
1/16/1980 5:00,1.131,1.143,0.706,0.653,0.01,0.01,849.833,863.452,1126.853,1140.66,0,0,30.442,31.94,1.388,1.944
1/16/1980 6:00,1.126,1.139,0.678,0.579,0.01,0.01,792.491,807.633,1064.063,1077.538,0,0,30.997,32.469,1.229,1.756
1/16/1980 7:00,1.124,1.136,0.652,0.541,0.01,0.01,665.025,679.697,919.782,932.567,0,0,31.072,32.53,1.252,1.711
1/16/1980 8:00,1.123,1.136,0.612,0.541,0.009,0.01,480.964,493.849,703.82,715.511,0,0,30.682,32.157,1.311,1.681
1/16/1980 9:00,1.124,1.136,0.616,0.571,0.01,0.01,260.672,271.086,430.905,441.272,0,0,29.734,31.273,1.272,1.594
1/16/1980 10:00,1.126,1.139,0.616,0.537,0.011,0.011,56.62,59.562,126.411,133.482,0,0,27.291,29.102,0.848,1.225
1/16/1980 11:00,1.13,1.143,0.534,0.434,0.011,0.011,0.122,0.119,0.529,0.518,0,0,25.243,27.053,0.932,1.373
1/16/1980 12:00,1.134,1.147,0.421,0.337,0.01,0.011,0,0,0,0,0,0,24.17,26.047,1.026,1.573
1/16/1980 13:00,1.138,1.151,0.351,0.286,0.011,0.011,0,0,0,0,0,0,23.255,25.157,1.103,1.701
1/16/1980 14:00,1.142,1.154,0.336,0.296,0.011,0.012,0,0,0,0,0,0,22.445,24.353,1.15,1.739
1/16/1980 15:00,1.144,1.157,0.324,0.346,0.011,0.012,0,0,0,0,0,0,21.732,23.661,1.178,1.749
1/16/1980 16:00,1.147,1.159,0.32,0.416,0.011,0.012,0,0,0,0,0,0,21.067,23.032,1.184,1.726
1/16/1980 17:00,1.149,1.161,0.381,0.524,0.011,0.013,0,0,0,0,0,0,20.478,22.461,1.174,1.649
1/16/1980 18:00,1.151,1.163,0.474,0.599,0.011,0.013,0,0,0,0,0,0,19.931,21.925,1.166,1.552
1/16/1980 19:00,1.153,1.164,0.524,0.603,0.011,0.013,0,0,0,0,0,0,19.413,21.419,1.149,1.454
1/16/1980 20:00,1.155,1.166,0.552,0.597,0.011,0.013,0,0,0,0,0,0,18.935,20.959,1.114,1.347
1/16/1980 21:00,1.157,1.168,0.538,0.534,0.011,0.013,0,0,0,0,0,0,18.5,20.553,1.079,1.239
1/16/1980 22:00,1.159,1.17,0.548,0.455,0.011,0.013,0,0,0,0,0,0,18.097,20.243,1.05,1.135
1/16/1980 23:00,1.162,1.173,0.616,0.49,0.011,0.013,8.348,8.765,22.531,24.197,0,0,17.799,20.05,1.075,1.048
1/17/1980 0:00,1.163,1.173,0.688,0.61,0.011,0.013,151.19,156.074,269.896,279.843,0,0,19.471,21.696,1.517,1.4
1/17/1980 1:00,1.157,1.166,0.749,0.755,0.011,0.012,378.598,384.414,566.065,577.417,0,0,22.587,24.861,1.672,1.526
1/17/1980 2:00,1.146,1.157,0.792,0.845,0.01,0.011,587.879,594.613,814.766,827.229,0,0,26.209,28.092,1.815,1.782
1/17/1980 3:00,1.138,1.15,0.813,0.862,0.01,0.011,746.819,754.435,999.064,1012.354,0,0,28.707,30.332,1.796,1.865
1/17/1980 4:00,1.133,1.145,0.809,0.848,0.01,0.01,840.007,848.464,1106.36,1120.043,0,0,30.297,31.851,1.715,1.864
1/17/1980 5:00,1.128,1.14,0.79,0.806,0.01,0.01,859.21,868.483,1129.386,1143.142,0.001,0.001,31.29,32.825,1.622,1.788
1/17/1980 6:00,1.124,1.136,0.794,0.775,0.01,0.01,799.702,811.499,1066.555,1079.972,0.001,0,31.757,33.31,1.534,1.69
1/17/1980 7:00,1.122,1.134,0.804,0.77,0.01,0.01,670.426,684.02,922.088,934.815,0.001,0.001,31.751,33.343,1.48,1.631
1/17/1980 8:00,1.121,1.133,0.824,0.791,0.01,0.01,485.088,498.049,705.884,717.514,0.001,0,31.285,32.934,1.47,1.646
1/17/1980 9:00,1.122,1.133,0.84,0.817,0.01,0.01,263.416,274.958,432.673,442.993,0,0,30.273,32.001,1.435,1.635
1/17/1980 10:00,1.125,1.136,0.847,0.849,0.011,0.011,59.479,64.499,127.624,134.671,0,0,27.79,29.782,0.984,1.251
1/17/1980 11:00,1.129,1.14,0.852,0.871,0.011,0.011,0.137,0.13,0.546,0.532,0,0,25.767,27.654,1.124,1.433
1/17/1980 12:00,1.133,1.145,0.857,0.88,0.011,0.011,0,0,0,0,0,0,24.759,26.628,1.389,1.768
1/17/1980 13:00,1.138,1.15,0.86,0.878,0.011,0.011,0,0,0,0,0,0,23.841,25.728,1.579,1.977
1/17/1980 14:00,1.143,1.154,0.858,0.876,0.011,0.012,0,0,0,0,0,0,22.952,24.858,1.685,2.081
1/17/1980 15:00,1.146,1.158,0.862,0.877,0.011,0.012,0,0,0,0,0,0,22.163,24.051,1.748,2.074
1/17/1980 16:00,1.15,1.161,0.863,0.878,0.011,0.013,0,0,0,0,0,0,21.49,23.361,1.782,2.017
1/17/1980 17:00,1.152,1.163,0.862,0.877,0.011,0.013,0,0,0,0,0,0,20.881,22.737,1.78,1.924
1/17/1980 18:00,1.154,1.165,0.87,0.883,0.011,0.013,0,0,0,0,0,0,20.322,22.16,1.767,1.833
1/17/1980 19:00,1.156,1.166,0.889,0.899,0.011,0.013,0,0,0,0,0,0,19.784,21.638,1.728,1.732
1/17/1980 20:00,1.158,1.168,0.903,0.913,0.011,0.013,0,0,0,0,0,0,19.257,21.214,1.688,1.604
1/17/1980 21:00,1.16,1.17,0.867,0.893,0.011,0.013,0,0,0,0,0,0,18.773,20.812,1.622,1.452
1/17/1980 22:00,1.163,1.173,0.773,0.837,0.011,0.013,0,0,0,0,0,0,18.366,20.36,1.584,1.477
1/17/1980 23:00,1.165,1.176,0.659,0.757,0.011,0.012,8.445,8.919,22.978,24.659,0,0,18.087,20.052,1.637,1.742
1/18/1980 0:00,1.165,1.176,0.569,0.656,0.011,0.012,145.202,152.906,271.515,281.407,0,0,19.463,21.611,2.322,2.779
1/18/1980 1:00,1.161,1.171,0.52,0.51,0.011,0.012,367.042,377.617,568.004,579.263,0.001,0.001,22.061,24.228,2.77,3.404
1/18/1980 2:00,1.153,1.163,0.549,0.42,0.011,0.011,578.885,589.555,817.017,829.412,0.001,0.001,24.967,26.893,2.817,3.519
1/18/1980 3:00,1.145,1.156,0.6,0.428,0.011,0.011,740.961,751.972,1001.521,1014.754,0.001,0.001,27.406,29.087,2.692,3.355
1/18/1980 4:00,1.138,1.15,0.66,0.493,0.011,0.011,835.434,847.379,1108.933,1122.636,0.002,0.001,29.202,30.763,2.495,3.087
1/18/1980 5:00,1.133,1.145,0.72,0.58,0.011,0.011,854.253,867.757,1132.007,1145.693,0.003,0.002,30.386,31.903,2.29,2.798
1/18/1980 6:00,1.128,1.141,0.745,0.645,0.01,0.011,795.736,811.504,1069.078,1082.452,0.004,0.003,30.99,32.519,2.111,2.537
1/18/1980 7:00,1.126,1.138,0.743,0.674,0.01,0.01,667.911,683.484,924.454,937.105,0.004,0.003,31.074,32.636,1.976,2.322
1/18/1980 8:00,1.125,1.137,0.702,0.656,0.01,0.01,483.179,497.997,708.025,719.609,0.004,0.002,30.671,32.293,1.888,2.176
1/18/1980 9:00,1.126,1.137,0.662,0.63,0.01,0.01,260.175,273.743,434.495,444.734,0.002,0.002,29.699,31.414,1.787,2.063
1/18/1980 10:00,1.128,1.14,0.657,0.643,0.011,0.011,58.276,64.166,128.884,135.899,0.001,0.001,27.193,29.142,1.124,1.391
1/18/1980 11:00,1.132,1.143,0.658,0.677,0.011,0.011,0.142,0.142,0.564,0.546,0.001,0.001,24.993,26.868,1.116,1.333
1/18/1980 12:00,1.136,1.147,0.609,0.676,0.011,0.011,0,0,0,0,0.001,0.001,24.06,26.004,1.243,1.475
1/18/1980 13:00,1.14,1.151,0.548,0.661,0.011,0.011,0,0,0,0,0.001,0.001,23.264,25.214,1.36,1.549
1/18/1980 14:00,1.144,1.155,0.518,0.666,0.011,0.011,0,0,0,0,0.001,0.001,22.532,24.471,1.456,1.569
1/18/1980 15:00,1.147,1.159,0.537,0.698,0.011,0.011,0,0,0,0,0.002,0.001,21.854,23.763,1.485,1.544
1/18/1980 16:00,1.15,1.161,0.591,0.734,0.011,0.011,0,0,0,0,0.002,0.002,21.218,23.104,1.465,1.488
1/18/1980 17:00,1.152,1.164,0.699,0.797,0.011,0.011,0,0,0,0,0.003,0.002,20.628,22.496,1.428,1.424
1/18/1980 18:00,1.155,1.166,0.815,0.865,0.011,0.012,0,0,0,0,0.003,0.002,20.074,21.928,1.39,1.368
1/18/1980 19:00,1.157,1.168,0.878,0.896,0.011,0.012,0,0,0,0,0.003,0.003,19.539,21.387,1.368,1.326
1/18/1980 20:00,1.159,1.17,0.901,0.901,0.011,0.012,0,0,0,0,0.003,0.003,19.015,20.88,1.362,1.305
1/18/1980 21:00,1.161,1.172,0.858,0.806,0.011,0.012,0,0,0,0,0.003,0.003,18.536,20.413,1.362,1.328
1/18/1980 22:00,1.163,1.175,0.761,0.616,0.011,0.011,0,0,0,0,0.002,0.002,18.119,19.985,1.367,1.399
1/18/1980 23:00,1.166,1.178,0.724,0.533,0.011,0.011,8.658,9.011,23.447,25.142,0.002,0.002,17.841,19.613,1.413,1.516
1/19/1980 0:00,1.166,1.179,0.72,0.536,0.011,0.011,147.401,154.601,273.18,282.999,0.001,0.001,19.365,21.227,2.01,2.293
1/19/1980 1:00,1.161,1.172,0.667,0.516,0.011,0.011,367.568,379.568,570.035,581.249,0.001,0.001,22.216,24.135,2.361,2.788
1/19/1980 2:00,1.152,1.163,0.599,0.444,0.011,0.011,572.557,587.757,819.317,831.662,0.001,0.001,25.341,27.269,2.416,3.044
1/19/1980 3:00,1.144,1.156,0.608,0.498,0.011,0.011,726.959,745.718,1004.04,1017.188,0.001,0.001,27.766,29.566,2.306,2.964
1/19/1980 4:00,1.138,1.15,0.618,0.521,0.01,0.01,815.752,837.345,1111.605,1125.22,0.001,0.001,29.386,31.097,2.205,2.808
1/19/1980 5:00,1.133,1.145,0.601,0.461,0.01,0.01,827.901,853.217,1134.672,1148.341,0.001,0.001,30.397,32.079,2.124,2.671
1/19/1980 6:00,1.129,1.141,0.568,0.406,0.01,0.01,764.177,793.359,1071.668,1084.97,0.001,0.001,30.898,32.591,2.053,2.555
1/19/1980 7:00,1.126,1.138,0.528,0.379,0.01,0.01,637.878,667.157,926.917,939.464,0,0,30.938,32.658,1.992,2.456
1/19/1980 8:00,1.125,1.137,0.489,0.353,0.01,0.01,460.094,484.909,710.203,721.692,0,0,30.535,32.291,1.946,2.391
1/19/1980 9:00,1.126,1.137,0.466,0.346,0.01,0.01,250.184,266.671,436.375,446.55,0,0,29.563,31.394,1.795,2.224
1/19/1980 10:00,1.128,1.139,0.443,0.327,0.011,0.01,56.751,62.784,130.188,137.181,0,0,27.139,29.102,1.065,1.33
1/19/1980 11:00,1.132,1.143,0.41,0.295,0.011,0.01,0.14,0.132,0.583,0.562,0,0,25.026,26.796,1.036,1.165
1/19/1980 12:00,1.136,1.147,0.369,0.271,0.011,0.01,0,0,0,0,0,0,24.084,25.928,1.145,1.263
1/19/1980 13:00,1.14,1.151,0.328,0.263,0.011,0.01,0,0,0,0,0,0,23.22,25.072,1.24,1.354
1/19/1980 14:00,1.143,1.155,0.331,0.288,0.011,0.01,0,0,0,0,0,0,22.434,24.288,1.307,1.421
1/19/1980 15:00,1.146,1.158,0.355,0.342,0.011,0.01,0,0,0,0,0.001,0.001,21.769,23.571,1.379,1.487
1/19/1980 16:00,1.149,1.161,0.413,0.443,0.011,0.01,0,0,0,0,0.001,0.001,21.184,22.941,1.45,1.555
1/19/1980 17:00,1.151,1.163,0.476,0.547,0.011,0.01,0,0,0,0,0.001,0.001,20.66,22.372,1.5,1.608
1/19/1980 18:00,1.153,1.165,0.517,0.643,0.011,0.01,0,0,0,0,0.001,0.001,20.186,21.845,1.531,1.653
1/19/1980 19:00,1.155,1.167,0.545,0.704,0.011,0.01,0,0,0,0,0.001,0.001,19.744,21.349,1.554,1.699
1/19/1980 20:00,1.157,1.169,0.555,0.713,0.011,0.01,0,0,0,0,0.001,0.001,19.354,20.896,1.573,1.75
1/19/1980 21:00,1.159,1.172,0.536,0.702,0.011,0.01,0,0,0,0,0.001,0.001,19.011,20.505,1.559,1.786
1/19/1980 22:00,1.161,1.174,0.514,0.691,0.011,0.01,0,0,0,0,0.001,0.001,18.683,20.158,1.543,1.833
1/19/1980 23:00,1.163,1.176,0.466,0.66,0.011,0.011,8.662,8.993,23.936,25.647,0.001,0.001,18.425,19.917,1.583,1.954
1/20/1980 0:00,1.163,1.177,0.395,0.604,0.011,0.011,149.351,151.269,274.897,284.635,0.001,0.001,19.91,21.57,2.109,2.729
1/20/1980 1:00,1.157,1.17,0.346,0.53,0.011,0.011,376.447,380.506,572.105,583.225,0.001,0.001,22.811,24.519,2.443,3.092
1/20/1980 2:00,1.148,1.159,0.327,0.44,0.01,0.01,589.694,598.301,821.676,833.944,0.001,0.002,26.13,28.031,2.646,3.47
1/20/1980 3:00,1.14,1.152,0.31,0.376,0.01,0.01,752.118,762.432,1006.604,1019.715,0.001,0.002,28.554,30.315,2.557,3.303
1/20/1980 4:00,1.134,1.146,0.316,0.339,0.01,0.01,845.833,858.252,1114.328,1127.893,0.001,0.002,30.016,31.692,2.364,2.984
1/20/1980 5:00,1.13,1.142,0.356,0.312,0.01,0.01,863.19,877.666,1137.393,1151.017,0.001,0.002,30.941,32.574,2.157,2.662
1/20/1980 6:00,1.126,1.138,0.429,0.319,0.01,0.009,802.621,819.996,1074.336,1087.559,0.001,0.002,31.399,33.024,1.954,2.368
1/20/1980 7:00,1.123,1.135,0.472,0.343,0.009,0.009,673.632,692.009,929.406,941.915,0.001,0.001,31.41,33.058,1.782,2.126
1/20/1980 8:00,1.122,1.134,0.448,0.32,0.009,0.009,485.613,502.699,712.473,723.912,0,0.001,30.985,32.666,1.66,1.964
1/20/1980 9:00,1.123,1.135,0.402,0.288,0.009,0.009,267.905,280.026,438.299,448.389,0,0.001,30.028,31.771,1.517,1.778
1/20/1980 10:00,1.125,1.137,0.364,0.27,0.011,0.01,60.918,66.242,131.536,138.498,0,0.001,27.56,29.431,0.919,1.094
1/20/1980 11:00,1.129,1.141,0.319,0.259,0.01,0.01,0.151,0.143,0.604,0.579,0,0,25.355,27.088,0.978,1.11
1/20/1980 12:00,1.133,1.145,0.274,0.236,0.01,0.01,0,0,0,0,0,0,24.32,26.164,1.101,1.233
1/20/1980 13:00,1.137,1.149,0.246,0.221,0.01,0.01,0,0,0,0,0,0,23.419,25.342,1.21,1.354
1/20/1980 14:00,1.141,1.153,0.229,0.215,0.01,0.011,0,0,0,0,0,0,22.599,24.55,1.298,1.429
1/20/1980 15:00,1.144,1.156,0.258,0.236,0.01,0.011,0,0,0,0,0,0,21.859,23.791,1.361,1.462
1/20/1980 16:00,1.147,1.159,0.307,0.277,0.01,0.011,0,0,0,0,0,0.001,21.205,23.107,1.408,1.471
1/20/1980 17:00,1.15,1.161,0.338,0.311,0.011,0.011,0,0,0,0,0,0.001,20.604,22.493,1.418,1.444
1/20/1980 18:00,1.152,1.164,0.361,0.401,0.011,0.011,0,0,0,0,0,0.001,20.042,21.958,1.422,1.407
1/20/1980 19:00,1.154,1.166,0.345,0.456,0.011,0.011,0,0,0,0,0,0.001,19.534,21.483,1.433,1.361
1/20/1980 20:00,1.156,1.168,0.297,0.482,0.011,0.011,0,0,0,0,0,0,19.06,20.997,1.443,1.337
1/20/1980 21:00,1.159,1.17,0.284,0.473,0.011,0.011,0,0,0,0,0,0,18.6,20.506,1.394,1.365
1/20/1980 22:00,1.161,1.173,0.259,0.426,0.011,0.011,0,0,0,0,0,0,18.147,20.001,1.327,1.35
1/20/1980 23:00,1.164,1.175,0.214,0.36,0.011,0.011,9.473,9.902,24.446,26.172,0,0,17.824,19.633,1.331,1.406
1/21/1980 0:00,1.164,1.176,0.204,0.292,0.011,0.011,157.925,163.873,276.661,286.338,0,0,19.399,21.33,1.841,2.055
1/21/1980 1:00,1.158,1.169,0.214,0.286,0.011,0.011,388.285,396.279,574.228,585.273,0,0,22.417,24.32,1.954,2.252
1/21/1980 2:00,1.148,1.159,0.238,0.25,0.01,0.01,600.231,609.232,824.094,836.276,0,0,25.937,27.865,1.891,2.37
1/21/1980 3:00,1.139,1.151,0.273,0.23,0.01,0.01,760.677,771.362,1009.264,1022.288,0,0,28.491,30.214,1.728,2.209
1/21/1980 4:00,1.134,1.146,0.316,0.248,0.01,0.009,854.45,866.217,1117.079,1130.542,0,0,29.997,31.601,1.665,2.107
1/21/1980 5:00,1.129,1.142,0.35,0.258,0.009,0.009,870.381,884.498,1140.222,1153.707,0,0,30.954,32.508,1.649,2.034
1/21/1980 6:00,1.125,1.138,0.385,0.272,0.009,0.009,812.397,827.817,1077.087,1090.271,0,0,31.451,33.004,1.631,1.95
1/21/1980 7:00,1.123,1.135,0.434,0.299,0.009,0.009,683.955,699.865,931.971,944.387,0,0,31.49,33.071,1.608,1.87
1/21/1980 8:00,1.122,1.134,0.479,0.325,0.009,0.009,496.325,511.807,714.768,726.143,0,0,31.057,32.681,1.593,1.831
1/21/1980 9:00,1.122,1.134,0.506,0.342,0.009,0.009,274.245,286.507,440.274,450.288,0,0,30.075,31.768,1.523,1.745
1/21/1980 10:00,1.125,1.137,0.511,0.349,0.01,0.01,64.337,69.844,132.928,139.867,0,0,27.594,29.384,0.954,1.128
1/21/1980 11:00,1.129,1.141,0.472,0.342,0.01,0.01,0.158,0.155,0.626,0.596,0,0,25.35,27.029,1.033,1.165
1/21/1980 12:00,1.133,1.145,0.411,0.335,0.01,0.01,0,0,0,0,0,0,24.305,26.101,1.23,1.342
1/21/1980 13:00,1.138,1.149,0.402,0.373,0.01,0.01,0,0,0,0,0,0,23.413,25.269,1.42,1.491
1/21/1980 14:00,1.142,1.153,0.433,0.468,0.01,0.01,0,0,0,0,0,0,22.618,24.484,1.576,1.604
1/21/1980 15:00,1.145,1.157,0.447,0.591,0.01,0.01,0,0,0,0,0,0,21.877,23.737,1.651,1.656
1/21/1980 16:00,1.148,1.159,0.466,0.683,0.01,0.011,0,0,0,0,0,0,21.203,23.021,1.688,1.679
1/21/1980 17:00,1.151,1.162,0.474,0.696,0.01,0.011,0,0,0,0,0,0,20.572,22.353,1.686,1.667
1/21/1980 18:00,1.153,1.164,0.468,0.688,0.01,0.011,0,0,0,0,0,0,19.965,21.751,1.659,1.615
1/21/1980 19:00,1.156,1.166,0.443,0.654,0.01,0.011,0,0,0,0,0,0,19.426,21.217,1.64,1.545
1/21/1980 20:00,1.158,1.169,0.402,0.605,0.01,0.011,0,0,0,0,0,0,18.931,20.752,1.622,1.474
1/21/1980 21:00,1.16,1.171,0.367,0.568,0.01,0.011,0,0,0,0,0,0,18.488,20.3,1.583,1.457
1/21/1980 22:00,1.163,1.174,0.334,0.467,0.01,0.011,0,0,0,0,0,0,18.096,19.838,1.585,1.539
1/21/1980 23:00,1.165,1.177,0.297,0.414,0.01,0.011,9.586,10.172,24.977,26.716,0,0,17.784,19.449,1.598,1.683
1/22/1980 0:00,1.165,1.177,0.263,0.347,0.01,0.011,158.186,165.07,278.471,288.066,0,0,19.202,21.091,2.269,2.611
1/22/1980 1:00,1.16,1.171,0.219,0.259,0.01,0.011,387.311,395.659,576.394,587.346,0,0,21.922,23.868,2.698,3.208
1/22/1980 2:00,1.151,1.163,0.198,0.234,0.01,0.01,598.911,608.163,826.586,838.694,0,0,24.945,26.799,2.68,3.298
1/22/1980 3:00,1.143,1.155,0.2,0.228,0.01,0.01,760.553,771.351,1011.977,1024.907,0,0,27.434,29.221,2.478,3.104
1/22/1980 4:00,1.137,1.149,0.196,0.21,0.01,0.01,855.024,866.631,1119.912,1133.303,0.001,0.001,29.166,30.881,2.215,2.751
1/22/1980 5:00,1.132,1.144,0.192,0.197,0.01,0.01,874.025,886.835,1143.08,1156.562,0.001,0.001,30.268,31.913,1.985,2.403
